,Precio,Año,kilometraje,Cambio,Potencia,Diésel,Eléctrico,Gasolina,Hybrid
0,11999,2017,158000,Manual,110,True,False,False,False
1,6999,2012,166000,Manual,115,False,False,True,False
2,4500,2010,212580,Manual,110,True,False,False,False
4,5800,2017,233000,Manual,75,True,False,False,False
5,5999,2014,250000,Manual,110,True,False,False,False
6,9900,2019,115000,Manual,115,True,False,False,False
7,22000,2022,35000,Manual,110,True,False,False,False
8,3500,2004,152000,Manual,80,True,False,False,False
9,8300,2019,114031,Manual,90,True,False,False,False
10,2400,2008,264000,Manual,105,True,False,False,False
11,12900,2018,139000,Manual,90,True,False,False,False
12,10900,2016,193000,Manual,110,True,False,False,False
13,14490,2019,80015,Manual,90,False,False,True,False
16,1995,2003,240000,Manual,120,True,False,False,False
17,13990,2021,93000,Manual,80,True,False,False,False
18,13990,2021,84000,Manual,80,True,False,False,False
19,13990,2021,72000,Manual,80,True,False,False,False
20,3500,2009,256000,Manual,110,False,False,True,False
21,21400,2020,16302,Automático,131,False,False,True,False
22,15900,2018,16165,Automático,92,False,True,False,False
28,10600,2019,87789,Manual,75,True,False,False,False
32,16400,2020,82252,Manual,120,True,False,False,False
33,16400,2020,82252,Manual,120,True,False,False,False
34,2840,2011,272257,Manual,100,False,False,True,False
35,1990,2002,119713,Manual,140,False,False,True,False
36,15490,2022,57000,Manual,75,True,False,False,False
37,2990,2006,90595,Automático,110,False,False,True,False
39,2590,2005,173702,Manual,135,False,False,True,False
40,1990,2010,174206,Manual,130,False,False,True,False
41,2490,2005,249017,Manual,120,True,False,False,False
43,2590,2005,213329,Manual,85,True,False,False,False
51,11600,2020,72290,Manual,86,True,False,False,False
57,12900,2020,48000,Manual,85,True,False,False,False
58,9900,2019,98999,Manual,75,True,False,False,False
59,9900,2019,143000,Manual,75,True,False,False,False
60,9900,2019,138488,Manual,75,True,False,False,False
62,12900,2022,37325,Manual,90,False,False,True,False
64,9900,2019,142000,Manual,90,True,False,False,False
65,12900,2019,83000,Manual,75,True,False,False,False
66,22900,2022,22457,Automático,145,False,False,False,True
67,17900,2019,199000,Manual,130,True,False,False,False
68,10600,2019,87789,Manual,75,True,False,False,False
69,10600,2019,87789,Manual,75,True,False,False,False
80,7500,2020,230000,Manual,94,True,False,False,False
82,18490,2017,136050,Automático,160,True,False,False,False
84,13490,2019,118240,Manual,140,False,False,True,False
85,12799,2021,86000,Manual,95,True,False,False,False
86,7599,2018,105000,Manual,110,True,False,False,False
87,14890,2018,67815,Manual,130,False,False,True,False
88,10999,2016,122000,Manual,132,False,False,True,False
89,8290,2015,139930,Manual,90,True,False,False,False
90,8290,2015,139930,Manual,90,True,False,False,False
91,15040,2021,75174,Manual,95,True,False,False,False
92,15040,2021,75174,Manual,95,True,False,False,False
94,2390,2004,129354,Manual,120,True,False,False,False
96,5995,2011,213000,Manual,110,True,False,False,False
97,8995,2015,64500,Manual,75,True,False,False,False
98,11995,2017,148000,Manual,132,False,False,True,False
99,13990,2020,27997,Manual,95,True,False,False,False
100,13990,2020,27997,Manual,95,True,False,False,False
101,10900,2016,158000,Manual,110,True,False,False,False
102,10890,2020,95822,Manual,80,True,False,False,False
103,10890,2020,95822,Manual,80,True,False,False,False
104,11990,2018,149271,Manual,110,True,False,False,False
108,19090,2019,51499,Manual,120,True,False,False,False
109,15800,2015,187000,Manual,115,True,False,False,False
110,19090,2019,51499,Manual,120,True,False,False,False
111,13990,2017,145000,Manual,132,False,False,True,False
112,12490,2016,80000,Manual,110,True,False,False,False
113,21499,2022,43000,Manual,120,True,False,False,False
115,10490,2016,88990,Automático,88,False,True,False,False
116,17490,2018,169000,Automático,160,True,False,False,False
119,13990,2018,86000,Manual,110,True,False,False,False
120,8990,2018,88513,Manual,75,True,False,False,False
121,8900,2012,100000,Manual,150,True,False,False,False
122,16690,2019,108044,Automático,160,True,False,False,False
124,17450,2020,49024,Manual,115,True,False,False,False
125,18700,2019,72725,Automático,160,True,False,False,False
126,13250,2019,83866,Manual,90,False,False,True,False
127,12250,2018,82960,Manual,100,False,False,True,False
128,13990,2018,78477,Manual,101,False,False,True,False
129,19400,2017,63000,Automático,205,False,False,True,False
130,15990,2018,118340,Automático,160,True,False,False,False
131,20990,2020,67134,Manual,120,True,False,False,False
132,9890,2014,140772,Manual,90,False,False,True,False
133,14990,2018,89000,Manual,90,True,False,False,False
134,21990,2018,99000,Manual,125,True,False,False,False
135,22930,2022,6872,Manual,140,False,False,True,False
136,18300,2022,21016,Manual,95,True,False,False,False
137,18200,2022,21800,Manual,95,True,False,False,False
138,12500,2018,58790,Manual,90,False,False,True,False
139,16596,2019,72610,Manual,100,False,False,True,False
140,11000,2019,62829,Manual,90,False,False,True,False
141,18200,2017,37636,Manual,130,True,False,False,False
142,11000,2019,65131,Manual,90,False,False,True,False
143,11000,2019,61433,Manual,90,False,False,True,False
144,11000,2019,63293,Manual,90,False,False,True,False
145,16000,2016,46938,Manual,130,False,False,True,False
148,4400,2006,144500,Manual,70,True,False,False,False
151,1300,2000,186500,Manual,105,True,False,False,False
152,5000,2013,270000,Manual,130,True,False,False,False
154,10500,2016,250000,Manual,120,True,False,False,False
160,12999,2021,56473,Manual,85,True,False,False,False
161,10200,2019,146000,Manual,115,True,False,False,False
164,10700,2019,179500,Manual,120,True,False,False,False
165,20590,2021,50972,Manual,120,True,False,False,False
169,8500,2003,240000,Manual,100,True,False,False,False
170,1450,2004,232000,Manual,120,True,False,False,False
185,2600,2006,267095,Manual,85,True,False,False,False
196,6000,2014,275000,Manual,110,True,False,False,False
197,20500,2021,99000,Manual,120,True,False,False,False
200,10500,2015,100000,Manual,90,False,False,False,False
201,3990,2010,290000,Manual,110,True,False,False,False
205,18990,2023,5965,Manual,140,False,False,True,False
206,7499,2018,244000,Manual,90,True,False,False,False
207,13090,2021,83851,Manual,100,False,False,False,False
208,5000,2009,110000,Manual,100,False,False,True,False
211,2000,2004,158669,Manual,100,True,False,False,False
212,1800,2006,260000,Manual,130,True,False,False,False
213,1600,2004,23000,Manual,98,False,False,True,False
214,2490,2001,78000,Manual,75,False,False,True,False
216,3400,2010,300000,Manual,85,True,False,False,False
218,18490,2022,78323,Manual,115,True,False,False,False
221,2600,2005,109600,Manual,75,False,False,True,False
222,6900,2018,87000,Manual,75,True,False,False,False
223,6500,2019,116000,Manual,75,True,False,False,False
224,17990,2019,37484,Manual,140,False,False,True,False
226,10990,2017,76950,Automático,88,False,True,False,False
227,3900,2009,262600,Manual,110,False,False,True,False
228,20995,2019,95000,Manual,125,True,False,False,False
229,7500,2018,165021,Manual,110,True,False,False,False
231,5990,2017,180000,Manual,90,True,False,False,False
232,2600,2005,110000,Manual,75,False,False,True,False
233,3700,2004,78500,Manual,115,False,False,True,False
234,1100,2000,186500,Manual,105,True,False,False,False
235,22718,2021,33325,Automático,160,False,False,False,True
236,17090,2017,148615,Automático,160,True,False,False,False
237,21220,2023,10708,Manual,115,True,False,False,False
238,13000,2007,160000,Manual,197,False,False,True,False
239,15600,2021,53025,Manual,91,False,False,True,False
240,15600,2021,53918,Manual,91,False,False,True,False
241,12700,2018,84951,Automático,110,False,True,False,False
242,20090,2023,14419,Manual,140,False,False,True,False
243,18390,2023,5810,Manual,91,False,False,True,False
244,18390,2023,8781,Manual,91,False,False,True,False
245,19500,2023,13078,Manual,90,False,False,True,False
246,18080,2023,12981,Manual,90,False,False,True,False
247,11390,2018,89804,Manual,90,False,False,True,False
248,2600,2005,109500,Manual,75,False,False,True,False
249,23045,2021,78675,Automático,140,False,False,False,True
250,2600,2005,110000,Manual,75,False,False,True,False
252,2500,2007,280000,Manual,105,True,False,False,False
253,15000,2020,111607,Manual,115,True,False,False,False
254,20400,2019,92478,Automático,140,False,False,True,False
257,20980,2023,11332,Manual,90,False,False,True,False
258,19580,2022,36741,Manual,91,False,False,True,False
259,19580,2022,36540,Manual,90,False,False,True,False
260,21250,2021,59783,Automático,140,False,False,False,True
261,17490,2021,88000,Manual,120,True,False,False,False
262,8999,2011,96000,Manual,110,True,False,False,False
263,15900,2019,72531,Manual,89,True,False,False,False
264,24660,2022,36092,Automático,140,False,False,False,True
265,2500,2008,234189,Manual,105,True,False,False,False
268,12490,2019,68624,Manual,100,False,False,True,False
269,10490,2019,99558,Manual,75,True,False,False,False
272,22636,2019,129226,Manual,145,True,False,False,False
273,2599,2008,200000,Manual,105,True,False,False,False
274,12990,2022,29000,Manual,91,False,False,True,False
276,16490,2019,36701,Manual,130,False,False,True,False
277,2100,2008,295296,Manual,105,True,False,False,False
280,11790,2018,122757,Manual,116,True,False,False,False
282,8677,2019,105190,Manual,75,True,False,False,False
283,13890,2019,116207,Manual,116,True,False,False,False
285,12990,2018,132551,Automático,110,True,False,False,False
286,13900,2021,70000,Manual,101,False,False,False,False
287,7690,2016,90462,Manual,75,True,False,False,False
288,8490,2018,119207,Manual,75,True,False,False,False
289,7990,2018,127747,Manual,75,True,False,False,False
290,7990,2018,129740,Manual,75,True,False,False,False
291,16000,2020,108000,Manual,90,True,False,False,False
292,2250,2006,224000,Manual,105,True,False,False,False
293,1200,2003,280000,Manual,65,True,False,False,False
294,12900,2019,100420,Manual,115,True,False,False,False
295,20000,2016,54000,Automático,150,False,False,True,False
296,8490,2018,133650,Manual,75,True,False,False,False
297,2100,2004,130000,Manual,120,True,False,False,False
298,15999,2018,145000,Manual,145,True,False,False,False
299,14297,2022,12480,Manual,95,True,False,False,False
300,5900,2009,242000,Manual,130,True,False,False,False
301,16499,2020,140000,Manual,135,True,False,False,False
302,3500,2008,230471,Manual,75,True,False,False,False
304,12499,2019,170000,Manual,110,True,False,False,False
305,12999,2018,119000,Manual,110,True,False,False,False
306,1200,2005,298000,Manual,105,True,False,False,False
307,11890,2019,81693,Manual,90,False,False,False,False
309,1500,2001,189700,Manual,75,False,False,True,False
310,6950,2016,185000,Manual,90,True,False,False,False
311,4500,2009,198000,Manual,105,True,False,False,False
312,11240,2020,80937,Manual,85,True,False,False,False
313,5980,2016,160000,Manual,75,True,False,False,False
314,13990,2017,84744,Manual,110,True,False,False,False
316,10990,2019,95300,Manual,115,True,False,False,False
318,11157,2020,94620,Manual,95,True,False,False,False
319,16611,2020,96076,Manual,120,True,False,False,False
320,16198,2020,117344,Manual,120,True,False,False,False
321,16115,2020,106325,Manual,120,True,False,False,False
322,16198,2020,98534,Manual,120,True,False,False,False
323,8900,2014,125000,Manual,90,False,False,True,False
325,18925,2020,129541,Manual,135,True,False,False,False
327,1450,2004,230000,Manual,120,True,False,False,False
328,8700,2017,146000,Manual,90,True,False,False,False
329,1600,2005,241174,Manual,120,True,False,False,False
330,14214,2022,18932,Manual,95,True,False,False,False
331,14297,2022,18504,Manual,95,True,False,False,False
332,2160,2007,185631,Manual,110,False,False,True,False
333,4200,2007,200000,Manual,150,True,False,False,False
334,9499,2021,217000,Manual,85,True,False,False,False
335,2900,2008,220000,Manual,105,True,False,False,False
336,14490,2021,59000,Manual,80,True,False,False,False
337,13990,2020,68000,Manual,80,True,False,False,False
338,14490,2021,37000,Manual,80,True,False,False,False
339,1100,2007,259000,Manual,130,True,False,False,False
340,2600,2003,174000,Manual,115,False,False,True,False
342,24710,2023,48809,Manual,110,True,False,False,False
343,24710,2023,57854,Manual,110,True,False,False,False
344,24710,2023,55860,Manual,110,True,False,False,False
345,6528,2016,141517,Manual,75,True,False,False,False
346,15000,2019,74105,Manual,115,True,False,False,False
349,20900,2021,24217,Manual,140,False,False,True,False
350,12399,2018,124000,Manual,110,True,False,False,False
352,8750,2013,106000,Manual,115,False,False,True,False
353,19752,2020,143350,Manual,135,True,False,False,False
354,9490,2015,121462,Manual,110,True,False,False,False
357,1200,2003,280000,Manual,65,True,False,False,False
360,7499,2019,178000,Manual,90,True,False,False,False
361,10990,2017,81300,Manual,90,True,False,False,False
363,18990,2021,58341,Manual,140,False,False,True,False
364,8999,2018,107000,Manual,75,True,False,False,False
365,22500,2022,30986,Automático,145,False,False,True,False
366,16000,2017,86386,Manual,110,True,False,False,False
368,4499,2009,198000,Manual,105,True,False,False,False
371,19900,2019,94000,Manual,95,True,False,False,False
372,14990,2020,128977,Manual,100,False,False,True,False
373,18990,2016,160000,Automático,160,True,False,False,False
374,9990,2018,100460,Manual,90,False,False,True,False
375,6000,2013,286000,Manual,90,True,False,False,False
376,19990,2019,81808,Automático,160,False,False,True,False
379,2300,2005,199999,Manual,105,True,False,False,False
380,13390,2018,80903,Manual,90,False,False,True,False
381,7990,2019,212000,Manual,75,True,False,False,False
382,15400,2009,159000,Manual,203,False,False,True,False
383,5000,2010,228000,Manual,105,True,False,False,False
384,2100,2006,200000,Manual,105,True,False,False,False
385,18000,2019,85000,Manual,140,False,False,True,False
386,3400,2006,184000,Manual,105,True,False,False,False
387,15990,2020,30300,Automático,130,False,False,True,False
390,10990,2019,89500,Manual,90,True,False,False,False
392,10490,2019,118822,Manual,75,True,False,False,False
393,12500,2020,58000,Automático,82,False,True,False,False
394,14990,2017,76432,Manual,130,False,False,True,False
396,14590,2017,85033,Manual,110,True,False,False,False
397,13990,2017,94366,Manual,110,True,False,False,False
398,13990,2017,83190,Manual,110,True,False,False,False
399,10490,2018,40075,Manual,75,True,False,False,False
400,13690,2019,146762,Manual,140,False,False,True,False
401,1800,2002,96100,Manual,65,True,False,False,False
406,2200,2006,194000,Manual,120,True,False,False,False
408,17990,2017,67265,Manual,130,False,False,True,False
409,7000,2017,80000,Manual,75,True,False,False,False
411,9499,2010,159000,Automático,143,False,False,True,False
412,11999,2012,175000,Automático,175,True,False,False,False
413,21900,2021,99000,Manual,120,True,False,False,False
414,9990,2018,113000,Manual,75,True,False,False,False
415,9490,2018,103721,Manual,75,True,False,False,False
417,23990,2020,22828,Automático,110,False,True,False,False
419,19990,2020,80000,Automático,110,False,True,False,False
420,18500,2020,39657,Manual,90,True,False,False,False
423,5900,2006,132000,Manual,130,True,False,False,False
424,13990,2017,15821,Automático,110,False,True,False,False
425,9750,2013,65018,Manual,110,True,False,False,False
427,10400,2015,116141,Manual,115,False,False,True,False
428,16990,2017,127071,Manual,95,True,False,False,False
429,1100,2005,300000,Manual,120,True,False,False,False
430,12636,2018,87323,Manual,110,True,False,False,False
432,10150,2013,82272,Manual,90,False,False,True,False
434,18636,2021,34624,Manual,115,True,False,False,False
435,16355,2019,71315,Manual,140,False,False,True,False
436,16355,2019,18439,Manual,140,False,False,True,False
437,15445,2021,57014,Manual,115,True,False,False,False
438,8850,2015,111600,Manual,115,False,False,True,False
439,11318,2016,85610,Manual,130,False,False,True,False
441,15238,2020,89250,Manual,115,True,False,False,False
442,15727,2020,63604,Manual,130,False,False,True,False
443,15445,2018,73607,Manual,130,True,False,False,False
444,12682,2016,128277,Manual,110,True,False,False,False
445,19536,2021,14142,Manual,140,False,False,True,False
446,15182,2018,76239,Manual,130,False,False,True,False
447,19000,2021,24408,Manual,115,True,False,False,False
448,10300,2015,152138,Manual,115,False,False,True,False
449,12490,2020,69542,Manual,75,True,False,False,False
451,10300,2015,141473,Manual,110,True,False,False,False
452,11990,2022,16230,Manual,90,False,False,True,False
453,14390,2020,101979,Manual,95,True,False,False,False
454,14490,2018,69840,Manual,130,False,False,True,False
455,17990,2019,56415,Manual,140,False,False,True,False
456,13990,2020,67745,Manual,95,True,False,False,False
458,15990,2020,28969,Manual,100,False,False,True,False
459,15363,2020,83611,Manual,100,False,False,True,False
460,4500,2013,253700,Manual,80,True,False,False,False
461,14045,2018,56219,Automático,120,False,False,True,False
462,18364,2018,76846,Manual,160,False,False,True,False
463,14818,2017,92248,Manual,110,True,False,False,False
464,19273,2020,35236,Automático,115,True,False,False,False
465,12500,2016,88888,Automático,120,False,False,True,False
466,6200,2019,86000,Manual,75,True,False,False,False
467,9490,2014,72434,Manual,110,True,False,False,False
468,8750,2010,134233,Manual,130,True,False,False,False
469,12990,2019,42993,Manual,90,False,False,False,False
470,12990,2019,34442,Manual,90,False,False,False,False
471,24710,2023,50856,Manual,110,True,False,False,False
472,24710,2023,56639,Manual,110,True,False,False,False
473,16545,2019,61664,Automático,130,False,False,True,False
474,6500,2019,200000,Manual,75,True,False,False,False
476,15990,2020,117864,Manual,115,True,False,False,False
477,13490,2020,68633,Manual,95,True,False,False,False
478,9490,2020,25900,Manual,93,False,False,True,False
480,1900,2008,214600,Manual,105,True,False,False,False
481,19490,2020,67694,Manual,100,False,False,False,False
482,2200,2004,160300,Manual,100,True,False,False,False
483,11990,2022,16230,Manual,90,False,False,True,False
484,15990,2020,28969,Manual,100,False,False,True,False
485,19545,2016,90069,Automático,200,False,False,True,False
486,13363,2018,134173,Manual,130,True,False,False,False
487,16500,2021,42350,Manual,100,False,False,False,False
488,7400,2013,116360,Manual,90,True,False,False,False
490,14981,2023,8990,Manual,90,False,False,True,False
491,14690,2015,140672,Manual,110,True,False,False,False
492,21364,2021,41513,Automático,160,False,False,False,True
493,15636,2018,116648,Automático,110,True,False,False,False
494,19545,2020,79721,Automático,160,False,False,False,True
495,16490,2020,67700,Automático,130,False,False,True,False
498,19000,2019,92393,Automático,150,True,False,False,False
499,10500,2019,114100,Manual,75,True,False,False,False
500,17090,2022,25895,Manual,90,False,False,True,False
501,12990,2018,97464,Automático,110,True,False,False,False
502,10900,2016,128000,Manual,90,False,False,True,False
503,14809,2017,85391,Manual,130,False,False,True,False
504,15500,2018,180000,Manual,130,True,False,False,False
505,3700,2007,180000,Automático,130,True,False,False,False
506,23500,2022,29300,Automático,145,False,True,False,False
507,15990,2017,112456,Manual,110,True,False,False,False
508,11690,2018,98692,Manual,101,False,False,True,False
509,11690,2018,98692,Manual,101,False,False,True,False
510,17591,2019,34356,Manual,140,False,False,True,False
511,2000,2002,215000,Manual,135,False,False,True,False
513,2190,2007,300000,Manual,105,True,False,False,False
514,16300,2019,124785,Automático,160,True,False,False,False
515,11490,2017,99473,Manual,90,True,False,False,False
516,7990,2015,94113,Manual,115,False,False,True,False
518,4990,2010,265000,Manual,105,True,False,False,False
519,17900,2017,99000,Automático,160,True,False,False,False
520,9450,2015,122916,Manual,115,False,False,True,False
521,9990,2020,90116,Manual,75,True,False,False,False
522,15990,2017,109000,Manual,130,True,False,False,False
523,12800,2017,70087,Manual,90,True,False,False,False
524,9600,2014,138100,Manual,130,True,False,False,False
526,1850,2005,200000,Manual,120,True,False,False,False
527,4000,2008,281531,Manual,150,True,False,False,False
528,9000,2015,65000,Manual,75,True,False,False,False
529,7700,2019,143000,Manual,75,True,False,False,False
530,16490,2020,98144,Manual,120,True,False,False,False
531,22990,2022,28345,Automático,160,False,False,True,False
532,14990,2017,101743,Manual,130,True,False,False,False
533,22900,2022,22457,Automático,145,False,False,True,False
534,14950,2017,162838,Manual,130,True,False,False,False
535,19490,2018,102565,Manual,130,True,False,False,False
536,13490,2017,133276,Manual,131,True,False,False,False
539,6000,2022,65000,Manual,91,False,False,True,False
540,14990,2019,25000,Manual,90,False,False,True,False
541,1950,2003,139997,Manual,80,True,False,False,False
543,16490,2017,24071,Manual,75,True,False,False,False
544,9990,2016,173000,Automático,110,True,False,False,False
545,24536,2018,58326,Automático,160,True,False,False,False
546,12490,2017,123056,Manual,110,True,False,False,False
547,16227,2020,7329,Manual,100,False,False,True,False
548,14727,2019,94695,Manual,115,True,False,False,False
549,16290,2018,133409,Manual,108,True,False,False,False
550,9290,2018,91397,Manual,75,True,False,False,False
551,16290,2018,133409,Manual,108,True,False,False,False
552,18000,2009,196600,Manual,115,True,False,False,False
553,14455,2019,56080,Manual,90,False,False,True,False
554,16890,2019,131398,Manual,120,True,False,False,False
555,16890,2019,131398,Manual,120,True,False,False,False
556,14818,2023,6106,Manual,90,False,False,True,False
557,21950,2019,85000,Manual,163,False,False,True,False
558,12000,2017,36871,Manual,90,False,False,True,False
560,12450,2015,29220,Automático,88,False,True,False,False
562,15273,2016,16904,Manual,130,False,False,True,False
563,1800,2005,278000,Manual,110,True,False,False,False
564,10400,2014,83187,Manual,115,False,False,True,False
565,11850,2015,56478,Manual,90,False,False,True,False
568,12490,2017,133033,Manual,110,True,False,False,False
569,11890,2016,145335,Manual,110,True,False,False,False
570,12490,2017,133033,Manual,110,True,False,False,False
571,3800,2000,151000,Manual,110,False,False,True,False
573,1800,2004,240000,Manual,115,False,False,True,False
574,12991,2018,123384,Manual,140,False,False,True,False
575,6300,2009,138141,Manual,100,False,False,True,False
576,14045,2016,44669,Manual,130,False,False,True,False
577,15000,2017,123119,Manual,110,True,False,False,False
578,13909,2017,98446,Manual,130,False,False,True,False
579,14182,2017,91902,Manual,130,False,False,True,False
580,14727,2021,39809,Manual,100,False,False,False,False
581,11727,2017,109647,Manual,90,False,False,True,False
582,2500,2006,295000,Manual,110,True,False,False,False
583,9990,2017,130908,Manual,75,True,False,False,False
584,2800,2003,252398,Manual,120,True,False,False,False
585,9750,2012,114516,Manual,110,False,False,True,False
586,8350,2014,144508,Manual,75,True,False,False,False
588,6000,2009,25000,Manual,115,True,False,False,False
589,16273,2020,58417,Manual,100,False,False,True,False
591,5100,2011,230000,Manual,95,True,False,False,False
592,13000,2016,112368,Manual,130,True,False,False,False
593,12900,2022,37325,Manual,90,False,False,True,False
594,4200,2004,264346,Manual,100,True,False,False,False
595,11850,2014,37409,Manual,115,False,False,True,False
596,3600,2010,210000,Manual,110,True,False,False,False
597,3500,2008,250000,Manual,70,True,False,False,False
598,8000,2015,117000,Manual,110,True,False,False,False
599,6500,2018,218321,Manual,90,True,False,False,False
600,14536,2021,17960,Manual,75,True,False,False,False
601,13818,2018,36680,Manual,130,False,False,True,False
602,13364,2017,57179,Automático,90,True,False,False,False
603,4199,2015,248000,Manual,132,True,False,False,False
604,8999,2015,136000,Manual,130,True,False,False,False
605,16490,2018,113775,Manual,110,True,False,False,False
606,17264,2021,40905,Manual,140,False,False,True,False
607,21591,2019,68923,Automático,175,True,False,False,False
608,12227,2017,141927,Manual,130,False,False,True,False
609,16273,2017,50680,Automático,110,True,False,False,False
610,19000,2019,65143,Manual,160,False,False,True,False
611,18818,2022,17061,Automático,140,False,False,False,True
612,19991,2019,48188,Manual,160,False,False,True,False
613,13490,2017,124000,Manual,110,True,False,False,False
614,13490,2017,124000,Manual,110,True,False,False,False
615,14045,2016,139016,Automático,130,False,False,True,False
616,18544,2021,37359,Automático,140,False,False,True,False
617,20818,2020,60723,Automático,150,True,False,False,False
618,4500,2010,220000,Manual,105,True,False,False,False
619,19200,2021,49231,Manual,115,True,False,False,False
620,8990,2015,154204,Manual,115,False,False,True,False
621,13500,2015,48556,Manual,90,True,False,False,False
622,7995,2015,136726,Manual,90,False,False,True,False
623,8895,2018,111726,Manual,74,True,False,False,False
624,6200,2018,179000,Manual,75,True,False,False,False
625,3030,2008,216766,Manual,110,False,False,True,False
627,18155,2017,116559,Automático,177,True,False,False,False
628,15909,2021,145145,Manual,140,False,False,False,True
629,15636,2019,79919,Manual,115,True,False,False,False
630,15909,2016,146271,Automático,160,True,False,False,False
633,11490,2018,113700,Manual,90,False,False,True,False
635,11490,2018,113700,Manual,90,False,False,True,False
636,11490,2018,113700,Manual,90,False,False,True,False
637,11490,2018,113700,Manual,90,False,False,True,False
638,18045,2020,80620,Manual,150,True,False,False,False
639,7500,2013,136000,Manual,115,False,False,True,False
640,1600,2002,251000,Manual,105,True,False,False,False
641,13000,2020,48883,Manual,95,True,False,False,False
642,9800,2015,72621,Manual,75,True,False,False,False
644,13490,2018,22859,Manual,120,False,False,True,False
645,24291,2019,39800,Automático,175,True,False,False,False
646,21091,2019,82407,Automático,175,True,False,False,False
647,4990,2010,140939,Manual,75,False,False,True,False
648,2999,2005,238000,Manual,130,True,False,False,False
649,3500,2007,43000,Manual,150,True,False,False,False
650,16227,2021,51000,Automático,108,False,True,False,False
651,8590,2016,120805,Manual,95,False,False,True,False
653,19500,2020,75721,Manual,120,True,False,False,False
656,9490,2016,89306,Manual,75,False,False,True,False
657,14490,2019,62872,Manual,94,True,False,False,False
659,13990,2016,100974,Manual,132,False,False,True,False
660,1300,2000,66000,Manual,60,False,False,True,False
662,7500,2018,230000,Manual,94,True,False,False,False
663,4500,2014,268939,Manual,90,True,False,False,False
664,6100,2014,160000,Manual,115,False,False,True,False
665,2399,2006,26438,Manual,105,True,False,False,False
666,25000,2010,180000,Manual,250,False,False,True,False
668,1300,2007,272000,Manual,105,True,False,False,False
669,13990,2014,47300,Automático,120,False,False,True,False
670,2000,2006,152000,Manual,110,False,False,True,False
671,7200,2018,150000,Manual,75,True,False,False,False
672,8990,2013,290646,Manual,125,True,False,False,False
674,13490,2019,80822,Manual,90,False,False,True,False
675,12240,2020,18314,Manual,100,False,False,True,False
676,19000,2021,24408,Manual,115,True,False,False,False
677,5995,2015,121000,Manual,75,True,False,False,False
678,3500,2006,134000,Manual,100,False,False,True,False
679,7500,2019,199000,Manual,90,True,False,False,False
680,1600,2005,220000,Manual,115,False,False,True,False
681,1650,2002,238044,Manual,123,False,False,True,False
682,3500,2008,266000,Manual,105,True,False,False,False
683,18591,2019,68587,Automático,140,False,False,True,False
684,1800,2003,180000,Manual,110,False,False,True,False
685,19500,2022,12500,Automático,140,False,True,False,False
686,13990,2021,26033,Manual,115,True,False,False,False
687,14890,2019,54890,Automático,90,True,False,False,False
688,1540,2005,280052,Manual,120,True,False,False,False
689,14990,2022,14148,Manual,90,False,False,True,False
690,11500,2019,158000,Manual,115,True,False,False,False
691,11900,2016,150000,Manual,132,False,False,True,False
692,2900,2004,208000,Manual,115,False,False,False,False
694,1999,2004,200000,Manual,172,False,False,True,False
696,1990,2004,163000,Manual,136,True,False,False,False
697,8730,2020,46880,Automático,82,False,True,False,False
698,15730,2020,37072,Automático,140,False,False,True,False
699,3700,2013,277000,Manual,110,True,False,False,False
701,17990,2019,89254,Manual,150,True,False,False,False
703,17000,2019,107000,Manual,121,True,False,False,False
704,3100,2003,180000,Manual,130,True,False,False,False
706,12990,2019,67260,Manual,90,False,False,True,False
707,3200,2008,270000,Manual,105,True,False,False,False
709,18990,2018,109426,Automático,130,True,False,False,False
710,9990,2015,69038,Automático,110,True,False,False,False
711,1700,2005,237000,Manual,120,True,False,False,False
712,18490,2018,96266,Manual,95,True,False,False,False
713,2700,2006,205081,Manual,105,True,False,False,False
715,4500,2012,160000,Manual,75,False,False,True,False
716,20500,2021,29900,Manual,140,False,False,True,False
717,7900,2019,260000,Manual,115,True,False,False,False
719,17490,2023,9750,Manual,90,False,False,True,False
720,13490,2023,8499,Manual,90,False,False,True,False
721,13490,2020,99045,Manual,100,False,False,True,False
722,17490,2023,9750,Manual,90,False,False,True,False
723,11490,2018,97139,Manual,90,True,False,False,False
724,13990,2023,9965,Manual,90,False,False,True,False
725,12990,2019,39642,Manual,90,False,False,True,False
726,7990,2015,62000,Manual,115,False,False,True,False
727,5500,2016,215000,Manual,75,True,False,False,False
728,4200,2009,237000,Manual,98,True,False,False,False
729,6900,2012,179000,Manual,150,True,False,False,False
731,7990,2015,191000,Manual,130,True,False,False,False
732,3000,2006,220000,Manual,105,True,False,False,False
734,11890,2019,85000,Manual,95,True,False,False,False
736,15490,2017,82375,Manual,130,True,False,False,False
737,14890,2019,70000,Manual,115,True,False,False,False
738,24990,2018,62732,Automático,200,False,False,True,False
739,10700,2020,106866,Manual,75,True,False,False,False
741,11990,2018,105063,Manual,100,False,False,True,False
742,13490,2020,41170,Manual,95,True,False,False,False
743,15780,2020,48863,Manual,95,True,False,False,False
744,16790,2017,55520,Manual,110,True,False,False,False
746,13490,2016,130000,Manual,110,True,False,False,False
747,2000,2003,190000,Manual,65,True,False,False,False
749,11600,2019,122000,Manual,115,True,False,False,False
751,19800,2021,71000,Manual,115,True,False,False,False
752,14990,2018,71000,Manual,90,True,False,False,False
753,13790,2017,77929,Manual,110,True,False,False,False
754,16990,2019,81000,Automático,160,True,False,False,False
755,17990,2017,148052,Automático,160,True,False,False,False
757,13790,2017,77929,Manual,110,True,False,False,False
758,12000,2017,103000,Manual,110,True,False,False,False
759,16990,2019,81000,Automático,160,True,False,False,False
761,7499,2015,149000,Manual,90,True,False,False,False
763,8000,2012,275000,Manual,130,True,False,False,False
764,16900,2020,79000,Manual,140,False,False,True,False
765,1900,2006,250000,Manual,120,True,False,False,False
766,6999,2016,160000,Manual,75,True,False,False,False
767,19990,2020,31800,Manual,140,False,False,True,False
768,13990,2017,70000,Manual,110,True,False,False,False
771,19990,2020,31800,Manual,140,False,False,True,False
773,9490,2017,131860,Manual,90,True,False,False,False
774,17500,2019,35000,Manual,140,False,False,True,False
775,1200,2003,270000,Manual,75,True,False,False,False
776,1600,2004,130000,Manual,100,True,False,False,False
778,16490,2016,36000,Manual,110,True,False,False,False
779,5500,2013,238000,Manual,110,True,False,False,False
780,22990,2022,35000,Manual,136,True,False,False,False
781,17990,2018,160000,Automático,177,True,False,False,False
782,2500,2004,204000,Manual,120,True,False,False,False
784,12999,2018,109000,Manual,110,True,False,False,False
785,13990,2016,62816,Automático,120,False,False,True,False
786,13490,2019,27924,Manual,75,True,False,False,False
789,17990,2020,76577,Manual,145,True,False,False,False
791,9990,2016,86630,Manual,130,False,False,True,False
792,15990,2019,57000,Manual,130,False,False,True,False
796,12000,2017,123000,Automático,110,True,False,False,False
797,1800,2005,193000,Manual,120,True,False,False,False
799,3200,2008,218000,Manual,136,True,False,False,False
802,7000,2012,99000,Manual,110,True,False,False,False
803,2799,2007,263000,Manual,105,True,False,False,False
804,6900,2007,150000,Manual,100,False,False,True,False
806,6900,2008,148500,Manual,110,False,False,True,False
808,15990,2018,110000,Manual,160,False,False,True,False
811,1100,2002,228000,Manual,80,True,False,False,False
812,6900,2010,177000,Manual,150,True,False,False,False
813,15999,2019,130000,Manual,95,True,False,False,False
814,1100,2005,300000,Manual,105,True,False,False,False
817,2100,2006,282000,Manual,105,True,False,False,False
819,7250,2012,180000,Manual,150,True,False,False,False
822,15990,2020,99990,Manual,120,True,False,False,False
823,20900,2021,24217,Manual,140,False,False,True,False
824,19490,2020,10000,Automático,130,False,False,True,False
825,9490,2018,85000,Manual,76,False,False,True,False
826,12490,2017,102801,Manual,110,True,False,False,False
827,12990,2021,19802,Manual,100,False,False,False,False
828,16490,2018,70317,Manual,130,True,False,False,False
829,12990,2018,114818,Manual,130,False,False,True,False
830,12150,2018,22108,Automático,60,False,True,False,False
831,12150,2018,22108,Automático,60,False,True,False,False
832,17850,2022,17500,Manual,140,False,False,True,False
833,8990,2018,83800,Manual,90,False,False,True,False
834,3000,2005,148200,Manual,120,True,False,False,False
835,16000,2009,270000,Manual,150,True,False,False,False
839,8900,2017,119000,Manual,75,True,False,False,False
841,17181,2023,4804,Manual,140,False,False,True,False
842,3000,1999,189000,Manual,107,False,False,True,False
843,3000,2000,216000,Manual,75,True,False,False,False
844,15490,2016,123889,Automático,205,False,False,True,False
845,18490,2019,30650,Automático,115,True,False,False,False
846,17990,2019,32200,Automático,140,False,False,True,False
847,12545,2018,18086,Manual,90,False,False,True,False
848,9890,2021,28800,Manual,65,False,False,True,False
849,1800,2005,143000,Automático,241,False,False,True,False
851,18500,2023,7000,Manual,91,False,False,True,False
852,15900,2023,3000,Manual,91,False,False,True,False
853,21000,2023,9000,Manual,91,False,False,True,False
854,22990,2022,59000,Manual,140,False,False,True,False
855,4000,2006,187000,Manual,130,True,False,False,False
856,8990,2020,50370,Manual,65,False,False,True,False
857,12400,2016,123500,Manual,132,False,False,True,False
858,13900,2018,160000,Automático,160,True,False,False,False
859,10990,2019,52479,Manual,90,False,False,True,False
860,13818,2018,36680,Manual,130,False,False,True,False
864,5900,2014,177000,Manual,110,True,False,False,False
865,2500,2004,214000,Manual,120,True,False,False,False
866,9500,2014,84500,Manual,90,True,False,False,False
868,18990,2020,73114,Manual,145,True,False,False,False
869,18990,2020,112906,Manual,145,True,False,False,False
870,22300,2023,7900,Manual,91,False,False,True,False
871,22000,2023,5800,Manual,91,False,False,True,False
872,21900,2022,28000,Manual,91,False,False,True,False
874,17700,2019,113075,Manual,150,True,False,False,False
876,15990,2020,34342,Manual,130,False,False,True,False
877,13990,2019,103808,Manual,140,False,False,True,False
878,12490,2018,92064,Manual,130,False,False,True,False
879,11890,2016,86000,Automático,120,False,False,True,False
880,16490,2021,55496,Manual,140,False,False,True,False
881,15990,2020,34342,Manual,130,False,False,True,False
882,12990,2020,57000,Manual,100,False,False,True,False
883,13990,2019,103808,Manual,140,False,False,True,False
884,8490,2017,94935,Manual,90,False,False,True,False
886,12909,2017,85579,Manual,130,False,False,True,False
887,2200,2006,215000,Manual,110,False,False,True,False
888,4900,2014,160000,Manual,110,True,False,False,False
890,13990,2015,150201,Automático,200,False,False,True,False
891,9850,2015,126000,Manual,90,False,False,True,False
892,1950,2004,172590,Manual,100,True,False,False,False
893,14490,2019,92134,Manual,116,True,False,False,False
894,19900,2017,108770,Automático,160,True,False,False,False
895,6900,2016,165000,Manual,75,True,False,False,False
896,10500,2017,172000,Manual,110,True,False,False,False
897,14990,2018,109414,Manual,110,True,False,False,False
898,14300,2017,155000,Manual,130,True,False,False,False
900,14000,2020,63000,Manual,95,True,False,False,False
902,13790,2017,60000,Manual,130,False,False,True,False
903,9900,2018,108000,Manual,90,True,False,False,False
904,13990,2018,250000,Manual,125,True,False,False,False
908,11990,2019,64017,Manual,90,False,False,True,False
909,10840,2019,40449,Manual,100,False,False,True,False
910,14990,2017,98000,Manual,160,True,False,False,False
911,8500,2016,250000,Manual,115,True,False,False,False
913,3500,2005,210000,Manual,105,True,False,False,False
914,2500,2007,185000,Manual,75,False,False,True,False
915,7900,2013,145000,Manual,90,True,False,False,False
916,4200,2006,82030,Manual,135,False,False,True,False
917,3990,2009,259000,Automático,175,False,False,True,False
918,14000,2007,103000,Manual,200,False,False,True,False
919,6490,2018,67703,Manual,70,False,False,True,False
920,10490,2018,69381,Manual,100,False,False,True,False
921,11490,2018,79931,Manual,100,False,False,True,False
923,1500,2004,200000,Manual,120,True,False,False,False
925,17350,2020,41348,Manual,140,False,False,True,False
926,2700,2003,150000,Manual,115,False,False,True,False
927,17890,2020,98289,Manual,150,True,False,False,False
929,2300,2005,151000,Manual,115,False,False,True,False
930,11990,2017,87000,Manual,130,False,False,True,False
931,1700,2004,140000,Manual,82,True,False,False,False
932,9450,2014,100400,Manual,90,False,False,True,False
934,15500,2007,153000,Manual,200,False,False,True,False
938,1600,2003,240000,Manual,105,True,False,False,False
940,8990,2014,159000,Manual,130,True,False,False,False
941,7990,2018,199000,Manual,90,True,False,False,False
942,13390,2023,12000,Manual,90,False,False,True,False
943,14990,2019,144463,Automático,160,False,False,True,False
944,19490,2020,39990,Automático,140,False,False,True,False
945,22500,2010,54500,Manual,250,False,False,True,False
946,18090,2019,19193,Manual,140,False,False,True,False
947,3000,2007,198000,Manual,105,True,False,False,False
948,18490,2021,44961,Automático,140,False,False,False,True
949,14000,2019,73000,Manual,120,True,False,False,False
950,10490,2016,116000,Automático,120,False,False,True,False
951,17490,2020,59490,Automático,116,True,False,False,False
952,20590,2021,50972,Manual,120,True,False,False,False
954,3800,2008,280000,Manual,60,True,False,False,False
955,1400,2002,280000,Manual,65,True,False,False,False
956,7900,2013,100000,Manual,115,False,False,True,False
957,6500,2011,120000,Manual,180,False,False,True,False
959,1500,2001,240120,Manual,80,True,False,False,False
960,4500,2008,209000,Manual,105,True,False,False,False
961,24290,2018,124000,Automático,280,False,False,True,False
962,2200,2002,186000,Manual,140,False,False,True,False
963,23990,2017,76846,Manual,125,True,False,False,False
965,2499,2004,121000,Manual,165,False,False,True,False
967,12490,2021,44450,Manual,75,True,False,False,False
968,6500,2011,256000,Manual,110,True,False,False,False
969,12490,2021,44450,Manual,75,True,False,False,False
970,18091,2020,37316,Manual,115,True,False,False,False
971,2000,2006,280000,Manual,120,True,False,False,False
974,1850,1999,90000,Manual,75,True,False,False,False
978,16227,2020,7329,Manual,100,False,False,True,False
982,11890,2019,103000,Manual,75,True,False,False,False
983,3300,2003,128000,Manual,135,False,False,True,False
984,5999,2009,97000,Manual,100,False,False,True,False
985,3999,2008,187000,Manual,110,False,False,True,False
986,3180,2008,235889,Manual,140,False,False,True,False
987,6990,2015,186000,Manual,75,True,False,False,False
988,4900,2007,156000,Manual,85,True,False,False,False
989,15740,2021,93641,Automático,85,True,False,False,False
990,20990,2022,44278,Automático,115,True,False,False,False
992,8300,2018,108000,Manual,75,True,False,False,False
993,9955,2016,129782,Manual,90,False,False,True,False
994,12990,2020,60000,Manual,100,False,False,True,False
995,8600,2019,102800,Manual,75,True,False,False,False
997,12990,2019,108846,Manual,115,True,False,False,False
998,17500,2018,187000,Automático,160,True,False,False,False
999,13850,2022,60300,Manual,75,True,False,False,False
1000,10990,2019,37539,Manual,75,False,False,True,False
1003,9000,2016,150000,Manual,110,True,False,False,False
1004,3000,2003,142700,Manual,115,False,False,True,False
1005,14490,2019,125019,Manual,115,True,False,False,False
1006,8740,2016,124452,Manual,90,False,False,True,False
1007,15990,2015,119824,Automático,160,True,False,False,False
1008,1100,1998,190000,Manual,65,True,False,False,False
1009,10000,2017,90000,Automático,77,False,True,False,False
1011,2200,2005,198000,Manual,100,True,False,False,False
1012,2800,2006,218000,Manual,85,True,False,False,False
1015,10890,2017,46400,Automático,90,True,False,False,False
1016,11490,2021,68561,Manual,65,False,False,True,False
1017,16590,2016,129285,Automático,200,False,False,True,False
1019,7500,2020,180000,Manual,86,True,False,False,False
1020,18500,2017,172000,Automático,160,True,False,False,False
1021,11850,2014,37409,Manual,115,False,False,True,False
1022,1500,2006,23000,Manual,115,False,False,True,False
1023,1000,1999,238119,Manual,110,False,False,True,False
1024,11990,2019,85855,Manual,75,True,False,False,False
1025,5000,2009,190000,Manual,105,True,False,False,False
1028,11990,2020,107000,Manual,85,True,False,False,False
1030,9990,2019,59607,Manual,90,False,False,True,False
1031,8990,2015,138790,Manual,115,False,False,True,False
1032,10990,2018,89526,Automático,90,False,True,False,False
1033,10490,2018,69391,Automático,90,False,True,False,False
1034,15990,2021,169000,Manual,120,True,False,False,False
1035,4900,2007,46000,Manual,100,False,False,True,False
1037,4250,2010,242000,Manual,105,True,False,False,False
1038,7200,2010,170000,Manual,130,True,False,False,False
1039,12990,2022,20200,Manual,90,False,False,True,False
1040,12990,2020,103208,Manual,100,False,False,True,False
1041,12990,2022,20200,Manual,90,False,False,True,False
1043,12990,2018,74000,Manual,130,False,False,True,False
1044,12990,2021,59945,Manual,90,False,False,True,False
1045,9490,2020,150000,Manual,86,True,False,False,False
1046,2900,2007,232000,Manual,130,True,False,False,False
1047,16400,2023,40808,Manual,90,False,False,True,False
1048,2100,2006,214800,Manual,120,True,False,False,False
1049,7490,2019,88753,Manual,75,True,False,False,False
1053,8900,2012,136835,Manual,130,True,False,False,False
1054,20990,2018,40000,Automático,205,False,False,True,False
1057,1000,2003,184000,Manual,120,True,False,False,False
1060,12190,2018,80775,Manual,90,False,False,True,False
1061,15890,2019,47700,Automático,160,False,False,True,False
1062,16990,2018,67577,Manual,140,False,False,True,False
1063,11490,2019,56483,Manual,75,True,False,False,False
1064,1990,2008,215000,Manual,110,False,False,True,False
1066,17500,2019,160000,Automático,140,False,False,True,False
1068,2900,2007,218000,Manual,105,True,False,False,False
1070,1699,2003,167000,Manual,98,False,False,True,False
1071,13490,2020,96222,Manual,100,False,False,False,False
1072,12790,2020,90000,Manual,115,True,False,False,False
1073,13990,2021,92258,Manual,115,True,False,False,False
1074,16490,2018,30068,Manual,140,False,False,True,False
1075,9990,2019,61590,Manual,90,False,False,True,False
1076,17490,2019,40000,Automático,160,False,False,True,False
1077,4300,2008,180000,Manual,130,True,False,False,False
1078,11990,2019,95758,Manual,75,True,False,False,False
1079,6900,2012,184000,Manual,110,True,False,False,False
1080,17990,2021,67873,Automático,140,False,False,False,True
1081,17590,2021,54006,Automático,140,False,False,False,True
1082,13990,2018,61707,Automático,120,False,False,True,False
1083,4199,2010,276000,Manual,85,True,False,False,False
1084,2990,2007,299000,Manual,84,True,False,False,False
1086,3000,2007,150000,Manual,65,True,False,False,False
1088,9990,2016,109700,Manual,75,False,False,True,False
1090,18490,2019,70000,Automático,160,True,False,False,False
1091,9990,2016,109700,Manual,75,False,False,True,False
1093,9890,2018,74738,Manual,75,True,False,False,False
1094,11200,2019,179900,Manual,120,True,False,False,False
1096,6200,2014,218000,Manual,75,True,False,False,False
1099,1990,2009,215000,Manual,110,False,False,True,False
1100,7500,2010,145000,Manual,150,True,False,False,False
1101,1900,2006,164000,Manual,105,True,False,False,False
1106,9250,2016,69500,Manual,75,True,False,False,False
1107,3000,2005,148200,Manual,120,True,False,False,False
1109,6450,2013,147000,Manual,115,False,False,True,False
1110,2750,2009,300000,Manual,105,True,False,False,False
1112,1500,2004,270000,Manual,120,True,False,False,False
1113,14490,2018,124395,Automático,160,True,False,False,False
1114,22490,2020,105000,Manual,150,True,False,False,False
1116,7400,2019,210000,Manual,95,True,False,False,False
1117,2200,2007,250000,Manual,60,False,False,True,False
1120,6600,2012,180000,Manual,110,True,False,False,False
1121,4000,2007,157000,Manual,110,False,False,True,False
1123,4300,2007,276894,Manual,130,True,False,False,False
1124,1750,2003,246000,Manual,120,True,False,False,False
1125,13990,2019,121639,Automático,160,True,False,False,False
1126,14990,2019,66918,Automático,140,False,False,True,False
1128,16990,2019,63440,Automático,160,True,False,False,False
1129,11990,2019,119000,Manual,115,True,False,False,False
1131,4500,2010,281903,Manual,130,True,False,False,False
1132,4500,2008,299000,Manual,150,True,False,False,False
1133,2000,2007,178092,Manual,105,True,False,False,False
1135,24000,2020,52000,Automático,160,False,False,True,False
1136,11490,2018,64848,Manual,75,False,False,True,False
1189,17490,2020,24998,Manual,140,False,False,True,False
1229,1700,2001,70500,Manual,60,True,False,False,False
1233,3200,2007,215000,Manual,110,False,False,True,False
1234,2590,2006,190000,Manual,136,False,False,True,False
1235,3700,2010,196000,Manual,110,False,False,True,False
1237,6500,2003,230000,Manual,120,True,False,False,False
1384,4000,2008,219000,Manual,105,True,False,False,False
1385,6500,2013,212000,Manual,100,False,False,True,False
1387,1600,2007,281000,Manual,105,True,False,False,False
1388,15000,2018,130000,Manual,110,True,False,False,False
1403,14490,2018,138957,Manual,115,False,False,True,False
1404,14490,2018,138957,Manual,115,False,False,True,False
1406,2200,2002,129000,Manual,80,True,False,False,False
1407,5000,2010,230000,Manual,106,True,False,False,False
1410,24727,2020,63664,Automático,150,True,False,False,False
1412,14450,2018,36000,Manual,120,False,False,True,False
1413,2450,2007,292900,Manual,130,True,False,False,False
1415,10490,2018,27792,Manual,75,True,False,False,False
1416,19000,2015,250000,Manual,145,True,False,False,False
1417,10990,2016,100930,Manual,132,False,False,True,False
1418,6900,2007,180000,Manual,110,True,False,False,False
1419,19990,2020,63489,Manual,120,True,False,False,False
1561,10990,2015,80911,Automático,120,False,False,True,False
1562,13490,2021,29417,Manual,100,False,False,False,False
1564,3300,2009,242000,Manual,105,True,False,False,False
1565,14450,2015,27916,Automático,120,False,False,True,False
1566,14045,2016,44669,Manual,130,False,False,True,False
1567,6490,2008,259000,Manual,115,True,False,False,False
1568,6000,2018,258633,Manual,90,True,False,False,False
1569,12499,2019,154000,Manual,120,True,False,False,False
1571,6490,2008,259000,Manual,115,True,False,False,False
1572,11480,2020,149000,Manual,80,True,False,False,False
1573,1350,2002,245312,Manual,105,True,False,False,False
1575,8900,2019,132000,Manual,90,True,False,False,False
1591,17500,2016,129500,Manual,160,True,False,False,False
1592,3100,2013,198400,Manual,130,True,False,False,False
1666,9650,2015,120700,Manual,131,True,False,False,False
1667,14500,2017,153612,Manual,95,True,False,False,False
1668,4500,2014,286850,Manual,75,True,False,False,False
1669,12990,2017,65865,Automático,110,True,False,False,False
1672,2200,2007,235459,Manual,150,True,False,False,False
1673,8250,2015,26900,Manual,90,False,False,True,False
1674,12990,2019,75000,Automático,155,False,False,True,False
1675,4900,2014,239123,Manual,130,True,False,False,False
1676,12990,2019,75000,Automático,155,False,False,True,False
1677,2000,2007,170000,Manual,150,True,False,False,False
1678,3500,2000,147000,Automático,110,False,False,True,False
1679,8000,2017,102173,Manual,75,True,False,False,False
1681,12100,2021,50000,Manual,100,True,False,False,False
1682,9490,2016,150000,Manual,130,False,False,True,False
1683,16136,2020,80747,Manual,115,True,False,False,False
1684,10700,2020,106866,Manual,75,True,False,False,False
1685,12490,2015,82503,Manual,110,True,False,False,False
1686,6990,2015,186000,Manual,75,True,False,False,False
1687,17490,2016,109708,Automático,160,True,False,False,False
1688,15990,2017,119100,Manual,130,True,False,False,False
1689,12600,2019,78256,Manual,90,False,False,True,False
1691,14500,2017,82000,Manual,132,False,False,True,False
1693,1900,2003,152000,Manual,120,True,False,False,False
1694,16250,2015,69310,Manual,130,True,False,False,False
1695,2800,2007,186200,Manual,105,True,False,False,False
1696,3500,2009,226200,Manual,85,True,False,False,False
1697,13900,2019,84000,Manual,115,True,False,False,False
1698,11490,2016,102284,Manual,120,False,False,True,False
1699,12470,2018,82679,Manual,90,False,False,True,False
1700,15490,2020,84382,Manual,116,True,False,False,False
1701,10740,2019,45062,Manual,71,False,False,True,False
1702,11490,2021,33430,Manual,90,False,False,True,False
1703,5999,2014,204654,Manual,130,True,False,False,False
1704,15400,2019,60929,Manual,90,False,False,True,False
1705,13400,2020,48508,Manual,100,False,False,True,False
1706,12990,2017,88887,Manual,90,True,False,False,False
1707,12490,2019,85068,Manual,90,False,False,True,False
1708,10990,2019,110956,Manual,90,True,False,False,False
1709,13990,2017,64000,Manual,90,True,False,False,False
1710,14490,2018,78463,Manual,118,False,False,True,False
1711,13250,2019,52777,Manual,90,False,False,False,False
1712,14595,2019,76170,Manual,90,False,False,True,False
1713,1899,2007,252000,Manual,105,True,False,False,False
1714,14400,2018,87906,Manual,101,False,False,True,False
1715,3999,2005,170000,Manual,135,True,False,False,False
1716,1200,2005,140000,Manual,120,True,False,False,False
1717,13095,2022,36315,Manual,91,False,False,True,False
1724,2500,2002,220000,Manual,80,True,False,False,False
1725,2600,2007,300000,Manual,130,True,False,False,False
1726,10990,2012,124878,Manual,131,True,False,False,False
1727,11490,2020,89103,Manual,85,True,False,False,False
1728,12890,2016,99560,Automático,110,True,False,False,False
1729,12590,2018,74571,Manual,90,False,False,True,False
1731,11000,2018,90000,Automático,92,False,True,False,False
1732,19700,2019,85330,Automático,150,True,False,False,False
1733,17700,2019,113075,Manual,150,True,False,False,False
1734,16900,2019,104000,Manual,140,False,False,True,False
1737,14490,2020,42539,Manual,90,False,False,True,False
1738,10990,2019,49989,Manual,90,False,False,True,False
1739,11095,2019,74541,Manual,90,False,False,True,False
1740,12990,2018,92486,Manual,101,False,False,True,False
1745,9990,2020,27463,Manual,93,False,False,True,False
1746,11490,2019,98619,Manual,90,True,False,False,False
1747,1600,2006,256000,Manual,130,True,False,False,False
1748,9990,2019,79422,Manual,75,True,False,False,False
1749,12490,2019,95998,Manual,90,True,False,False,False
1750,17490,2022,19639,Manual,140,False,False,True,False
1751,21350,2022,80200,Manual,130,True,False,False,False
1752,17490,2022,19639,Manual,140,False,False,True,False
1753,12500,2020,65417,Manual,95,True,False,False,False
1755,17490,2021,47365,Automático,115,True,False,False,False
1756,11395,2019,68074,Manual,90,False,False,True,False
1757,15200,2017,70522,Manual,132,False,False,True,False
1759,9490,2019,40071,Manual,90,False,False,False,False
1766,2100,2005,3001,Manual,115,True,False,False,False
1767,16100,2018,75903,Automático,160,True,False,False,False
1768,21990,2020,124023,Manual,120,True,False,False,False
1774,13091,2017,115136,Manual,130,False,False,True,False
1775,15350,2018,134000,Manual,125,True,False,False,False
1776,10490,2018,60808,Automático,90,False,True,False,False
1778,1700,2002,112500,Manual,65,True,False,False,False
1779,13500,2019,76600,Manual,90,False,False,True,False
1780,4950,2012,26061,Automático,17,False,True,False,False
1781,13250,2019,110000,Manual,95,True,False,False,False
1783,17490,2016,103000,Automático,160,True,False,False,False
1785,3300,2004,179250,Manual,120,True,False,False,False
1786,19500,2016,88700,Automático,160,True,False,False,False
1787,8000,2017,102000,Automático,92,False,True,False,False
1788,13990,2019,9350,Manual,130,False,False,True,False
1789,14990,2020,51296,Manual,95,True,False,False,False
1790,10340,2018,122524,Manual,130,False,False,True,False
1791,9990,2020,78426,Manual,85,True,False,False,False
1792,17790,2021,61080,Manual,140,False,False,True,False
1793,18990,2021,29500,Manual,140,False,False,True,False
1794,14990,2020,86921,Manual,115,True,False,False,False
1795,9990,2017,160000,Manual,130,False,False,True,False
1796,18990,2016,111194,Automático,160,True,False,False,False
1797,14490,2020,70157,Manual,115,True,False,False,False
1800,16990,2016,97873,Automático,200,False,False,True,False
1801,16990,2016,97873,Automático,200,False,False,True,False
1802,7355,2018,126250,Manual,75,True,False,False,False
1805,17999,2020,102329,Automático,160,True,False,False,False
1807,16490,2019,99213,Manual,150,True,False,False,False
1809,3500,2007,275000,Manual,75,False,False,True,False
1810,6800,2014,240000,Automático,115,True,False,False,False
1811,12490,2016,86166,Manual,130,False,False,True,False
1822,12700,2019,83005,Manual,110,True,False,False,False
1823,8200,2019,145000,Manual,75,True,False,False,False
1824,10400,2017,177000,Manual,110,True,False,False,False
1825,17990,2021,36340,Manual,140,False,False,True,False
1827,14850,2021,31800,Automático,82,False,True,False,False
1828,13990,2018,34156,Automático,120,False,False,True,False
1829,9990,2014,93102,Automático,120,False,False,True,False
1830,12100,2019,126619,Manual,110,True,False,False,False
1831,17500,2019,112833,Automático,160,False,False,True,False
1832,2799,2004,199350,Manual,115,False,False,True,False
1833,2000,2007,270000,Manual,85,True,False,False,False
1834,19090,2019,51499,Manual,120,True,False,False,False
1835,17990,2019,117106,Manual,95,True,False,False,False
1836,19090,2019,51499,Manual,120,True,False,False,False
1837,5199,2012,224197,Manual,110,True,False,False,False
1838,3000,2003,170000,Manual,120,True,False,False,False
1839,10990,2020,18688,Manual,93,False,False,True,False
1840,7500,2014,66000,Manual,115,False,False,True,False
1841,6000,2002,196000,Manual,100,True,False,False,False
1842,8990,2018,73321,Manual,90,False,False,True,False
1846,3600,2010,258000,Manual,105,True,False,False,False
1847,14990,2019,125175,Manual,120,True,False,False,False
1848,11990,2020,58551,Manual,100,False,False,True,False
1849,19930,2023,5490,Automático,81,False,True,False,False
1851,17500,2018,85200,Manual,163,False,False,True,False
1859,13409,2017,91801,Manual,130,False,False,True,False
1862,13200,2016,108000,Manual,115,True,False,False,False
1863,15990,2021,98000,Manual,140,False,False,True,False
1864,7990,2018,96803,Manual,75,True,False,False,False
1865,13190,2023,7900,Manual,90,False,False,True,False
1866,11990,2019,35655,Manual,100,False,False,True,False
1867,11490,2020,82806,Manual,100,False,False,True,False
1868,1900,2003,226000,Manual,120,True,False,False,False
1869,2000,2005,270000,Manual,19,True,False,False,False
1870,8900,2003,104000,Manual,172,False,False,True,False
1871,5250,2016,13000,Automático,13,False,True,False,False
1873,4499,2006,123000,Manual,105,True,False,False,False
1874,6000,2013,176000,Manual,115,False,False,True,False
1876,11990,2015,178465,Automático,160,True,False,False,False
1877,9500,2013,31000,Manual,110,True,False,False,False
1878,5700,2015,204000,Manual,90,True,False,False,False
1880,3600,2005,124423,Manual,120,True,False,False,False
1881,8990,2017,108010,Manual,90,False,False,True,False
1882,21990,2017,108039,Manual,131,True,False,False,False
1883,12100,2018,98500,Manual,110,True,False,False,False
1886,20000,2019,52000,Manual,150,True,False,False,False
1888,6500,2009,262000,Manual,180,True,False,False,False
1896,4500,2011,220000,Manual,110,True,False,False,False
1897,15890,2020,61073,Automático,115,True,False,False,False
1901,12990,2018,39981,Manual,120,False,False,True,False
1903,18400,2017,69700,Automático,110,True,False,False,False
1904,8000,2019,105000,Manual,90,False,False,False,False
1907,2500,2004,259000,Manual,120,True,False,False,False
1908,16990,2019,118450,Manual,121,True,False,False,False
1910,11490,2020,103000,Manual,75,True,False,False,False
1911,8790,2014,132500,Manual,110,True,False,False,False
1913,2000,2004,290000,Manual,65,True,False,False,False
1914,6600,2009,230000,Manual,175,True,False,False,False
1915,12314,2020,45546,Manual,80,True,False,False,False
1917,11750,2020,60433,Manual,72,False,False,True,False
1918,2299,2007,290000,Manual,85,True,False,False,False
1919,15990,2020,112719,Manual,120,True,False,False,False
1920,9490,2018,78500,Manual,90,False,False,True,False
1922,2000,2006,220000,Manual,100,False,False,True,False
1923,15900,2016,42726,Manual,130,False,False,True,False
1925,2900,2005,235000,Manual,82,True,False,False,False
1926,16790,2020,19300,Manual,115,True,False,False,False
1928,11490,2020,39490,Manual,85,True,False,False,False
1929,11490,2020,39490,Manual,85,True,False,False,False
1938,19000,2021,210000,Manual,130,True,False,False,False
1939,12900,2013,175000,Manual,110,True,False,False,False
1940,18500,2019,60000,Manual,160,False,False,True,False
1942,2700,2008,237000,Manual,105,True,False,False,False
1944,20350,2021,122700,Automático,145,True,False,False,False
1945,16227,2020,37033,Manual,100,False,False,True,False
1951,13000,2013,91000,Automático,120,False,False,True,False
1952,11500,2014,73000,Automático,90,True,False,False,False
1954,18490,2018,90000,Automático,160,False,False,True,False
1955,9750,2012,114516,Manual,110,False,False,True,False
1958,12900,2017,134000,Manual,130,True,False,False,False
1960,14790,2020,79447,Manual,90,True,False,False,False
1961,11990,2019,60000,Manual,100,False,False,True,False
